 {
     "DistributionConfig": {
         "Comment": "",
         "CacheBehaviors": {
             "Quantity": 0
         },
         "Logging": {
             "Bucket": "",
             "Prefix": "",
             "Enabled": false,
             "IncludeCookies": false
         },
         "Origins": {
             "Items": [{
                 "OriginPath": "",
                 "CustomOriginConfig": {
                     "OriginProtocolPolicy": "http-only",
                     "HTTPPort": 80,
                     "HTTPSPort": 443
                 },
                 "Id": "api-origin",
                 "DomainName": "api.julio.cloud"
             }],
             "Quantity": 1
         },
         "DefaultRootObject": "/",
         "PriceClass": "PriceClass_All",
         "Enabled": true,
         "DefaultCacheBehavior": {
             "TrustedSigners": {
                 "Enabled": false,
                 "Quantity": 0
             },
             "TargetOriginId": "api-origin",
             "ViewerProtocolPolicy": "allow-all",
             "ForwardedValues": {
                 "Headers": {
                     "Quantity": 0
                 },
                 "Cookies": {
                     "Forward": "none"
                 },
                 "QueryString": false
             },
             "SmoothStreaming": false,
             "AllowedMethods": {
                 "Items": [
                     "GET",
                     "HEAD"
                 ],
                 "CachedMethods": {
                     "Items": [
                         "GET",
                         "HEAD"
                     ],
                     "Quantity": 2
                 },
                 "Quantity": 2
             },
             "MinTTL": 0
         },
         "CallerReference": "Mon May 25 21:39:53 CEST 2015",
         "CustomErrorResponses": {
             "Quantity": 0
         },
         "Restrictions": {
             "GeoRestriction": {
                 "RestrictionType": "none",
                 "Quantity": 0
             }
         },
         "Aliases": {
             "Items": [
                 "pop.julio.cloud"
             ],
             "Quantity": 1
         }
     }
 }
